id,first_name,last_name,email,gender,ip_address
1,Lemar,Quilkin,lquilkin0@topsy.com,Male,250.141.61.81
2,Gage,Titmus,gtitmus1@businessinsider.com,Male,200.153.118.118
3,Elvira,Knappe,eknappe2@wix.com,Female,248.240.75.8
4,Reggie,Swainsbury,rswainsbury3@homestead.com,Male,230.253.39.30
5,Cathleen,Rozea,crozea4@i2i.jp,Female,94.133.23.186
6,Hobey,MacAree,hmacaree5@networkadvertising.org,Male,52.132.160.156
7,Normy,Songust,nsongust6@google.com,Male,207.21.92.162
8,Clayton,Schreiner,cschreiner7@desdev.cn,Male,192.179.141.29
9,Cathyleen,Greasley,cgreasley8@nhs.uk,Female,84.197.144.15
10,Curtis,Rosel,crosel9@tumblr.com,Male,22.151.172.152
11,Clovis,Yakunin,cyakunina@indiatimes.com,Female,171.137.42.216
12,Ingar,Dumbreck,idumbreckb@jalbum.net,Male,80.206.112.9
13,Galen,Disley,gdisleyc@kickstarter.com,Male,211.97.196.56
14,Purcell,Revelle,prevelled@cargocollective.com,Male,138.245.24.230
15,Barclay,Escoffier,bescoffiere@jigsy.com,Male,196.131.163.26
16,Nerte,Skirvin,nskirvinf@wix.com,Female,113.246.87.4
17,Hershel,Ponsford,hponsfordg@google.de,Male,228.7.15.106
18,Lorelle,Boobyer,lboobyerh@sitemeter.com,Female,70.175.138.254
19,Willetta,Hendrichs,whendrichsi@shutterfly.com,Female,91.154.209.239
20,Cully,Armal,carmalj@usa.gov,Male,218.22.98.59
21,Sauveur,Donohoe,sdonohoek@over-blog.com,Male,20.25.119.138
22,Elfreda,Newhouse,enewhousel@amazon.com,Female,99.139.57.81
23,Sander,Minall,sminallm@tinyurl.com,Male,139.142.39.2
24,Maximo,Morecomb,mmorecombn@printfriendly.com,Male,212.227.106.58
25,Simonette,Callington,scallingtono@blinklist.com,Female,156.81.55.93
26,Duffie,Annetts,dannettsp@hhs.gov,Male,224.221.159.61
27,Mahala,Devennie,mdevennieq@simplemachines.org,Female,61.29.247.22
28,Creigh,Feldberger,cfeldbergerr@godaddy.com,Male,237.131.128.9
29,Jillana,Vernau,jvernaus@istockphoto.com,Female,145.174.27.246
30,Happy,Saltwell,hsaltwellt@statcounter.com,Female,212.183.209.7
31,Viv,Gritsaev,vgritsaevu@wsj.com,Female,5.192.91.156
32,Torre,Durdle,tdurdlev@google.co.uk,Male,134.162.230.218
33,Chrisse,Blasgen,cblasgenw@unc.edu,Male,146.186.221.124
34,Alic,Ruscoe,aruscoex@bizjournals.com,Male,185.51.202.73
35,Bendix,Nalder,bnaldery@cam.ac.uk,Male,190.215.26.175
36,Sylvan,Collinge,scollingez@barnesandnoble.com,Male,137.166.173.145
37,Philippe,Gowdie,pgowdie10@google.com.hk,Female,0.97.59.71
38,Siana,Baldam,sbaldam11@apache.org,Female,116.60.193.80
39,Alleen,Common,acommon12@devhub.com,Female,54.159.13.159
40,Appolonia,Donne,adonne13@aboutads.info,Female,91.58.219.218
41,Carolyn,Charley,ccharley14@discuz.net,Female,50.81.86.154
42,Joel,Whanstall,jwhanstall15@t.co,Male,139.1.59.181
43,Austin,Budden,abudden16@is.gd,Female,40.115.62.40
44,Tremaine,Leuchars,tleuchars17@weebly.com,Male,237.55.36.250
45,Maddy,Truss,mtruss18@google.cn,Female,148.241.70.81
46,Gert,Tabb,gtabb19@live.com,Female,198.121.248.210
47,Valeda,Flucks,vflucks1a@cbc.ca,Female,94.131.127.143
48,Alberta,McKea,amckea1b@unblog.fr,Female,139.75.102.25
49,Fredrika,Ungerer,fungerer1c@dedecms.com,Female,69.166.93.138
50,Tabbi,Baldery,tbaldery1d@nih.gov,Female,210.54.1.3
51,Jessey,Veighey,jveighey1e@barnesandnoble.com,Male,27.30.21.215
52,Brande,Monck,bmonck1f@barnesandnoble.com,Female,106.108.91.242
53,Pedro,Limpricht,plimpricht1g@usa.gov,Male,240.9.140.51
54,Elias,Chalfont,echalfont1h@qq.com,Male,19.34.246.71
55,Brenden,Matlock,bmatlock1i@cpanel.net,Male,231.250.105.73
56,Allin,Stobbes,astobbes1j@springer.com,Male,86.195.26.116
57,Galvin,Parks,gparks1k@house.gov,Male,187.163.0.59
58,Rudie,Hurtic,rhurtic1l@apache.org,Male,69.98.113.181
59,Demetra,Craske,dcraske1m@abc.net.au,Female,76.21.92.135
60,Vivie,McNickle,vmcnickle1n@reference.com,Female,179.195.20.178
61,Cherilynn,Lovett,clovett1o@a8.net,Female,1.214.16.174
62,Camilla,Sockell,csockell1p@newsvine.com,Female,238.232.24.136
63,Sheilakathryn,Shalloo,sshalloo1q@elegantthemes.com,Female,104.195.60.41
64,Valentijn,Dowley,vdowley1r@example.com,Male,75.217.189.157
65,Estell,Bates,ebates1s@drupal.org,Female,227.37.10.59
66,Lodovico,Killingworth,lkillingworth1t@reference.com,Male,110.235.44.43
67,Kaspar,Hebburn,khebburn1u@nsw.gov.au,Male,33.174.20.82
68,Josiah,Greenroa,jgreenroa1v@google.com.au,Male,78.230.62.83
69,Jolee,Mayow,jmayow1w@wikia.com,Female,94.30.246.115
70,Payton,Brennand,pbrennand1x@nhs.uk,Male,8.235.100.90
71,Tawsha,Bessey,tbessey1y@foxnews.com,Female,172.175.86.29
72,Caesar,Kiddell,ckiddell1z@timesonline.co.uk,Male,126.186.82.111
73,Chandler,Champney,cchampney20@nytimes.com,Male,134.59.123.202
74,Zeke,Danilchik,zdanilchik21@myspace.com,Male,249.83.249.10
75,Perry,Corson,pcorson22@vinaora.com,Male,250.244.65.59
76,Em,Celand,eceland23@cocolog-nifty.com,Female,193.66.51.9
77,Claire,Purkiss,cpurkiss24@gnu.org,Female,214.110.221.155
78,Benjie,Shrive,bshrive25@smh.com.au,Male,65.130.209.158
79,Denis,Jobson,djobson26@furl.net,Male,118.146.42.29
80,Brook,Twelves,btwelves27@epa.gov,Female,196.107.254.180
81,Isabeau,Walls,iwalls28@discuz.net,Female,31.201.117.128
82,Barby,Errey,berrey29@ow.ly,Female,144.7.134.230
83,Emilia,Peckham,epeckham2a@telegraph.co.uk,Female,233.98.193.244
84,Kile,Samms,ksamms2b@jimdo.com,Male,192.133.48.29
85,Aylmar,Rivard,arivard2c@cyberchimps.com,Male,97.35.17.226
86,Brook,Yearron,byearron2d@aboutads.info,Male,119.250.121.177
87,Wynny,Lowensohn,wlowensohn2e@over-blog.com,Female,33.217.198.106
88,Janeva,Werlock,jwerlock2f@umich.edu,Female,177.165.36.239
89,Charisse,Fellgate,cfellgate2g@comsenz.com,Female,225.12.149.212
90,Noach,Osichev,nosichev2h@imageshack.us,Male,100.82.199.218
91,Kinsley,Killeen,kkilleen2i@epa.gov,Male,255.33.241.171
92,Heidie,Frewer,hfrewer2j@com.com,Female,198.31.186.176
93,Lanny,Soulsby,lsoulsby2k@360.cn,Female,175.207.77.7
94,Grant,Whyke,gwhyke2l@hibu.com,Male,105.113.251.193
95,Ola,Lewton,olewton2m@ed.gov,Female,31.90.60.134
96,Gertruda,Freiberg,gfreiberg2n@jugem.jp,Female,197.75.111.155
97,Shelby,Molfino,smolfino2o@elpais.com,Male,36.198.6.53
98,Nickolai,Benge,nbenge2p@ebay.co.uk,Male,90.179.217.37
99,Pansie,Allberry,pallberry2q@answers.com,Female,165.71.237.213
100,Rafa,Deevey,rdeevey2r@booking.com,Female,82.186.105.197
101,Normie,Filipczak,nfilipczak2s@webnode.com,Male,39.213.115.34
102,Howard,Long,hlong2t@networksolutions.com,Male,74.131.221.39
103,Rollin,Pohling,rpohling2u@myspace.com,Male,227.223.161.119
104,Mitch,Aprahamian,maprahamian2v@amazon.co.uk,Male,182.60.215.105
105,Celisse,Binne,cbinne2w@techcrunch.com,Female,37.69.243.100
106,Myer,Balling,mballing2x@prweb.com,Male,171.125.5.189
107,Aymer,O'Neil,aoneil2y@indiatimes.com,Male,183.137.17.80
108,Darn,Monckton,dmonckton2z@netscape.com,Male,65.105.65.210
109,Kristoffer,Karslake,kkarslake30@bbc.co.uk,Male,246.110.0.70
110,Dayna,Haslehurst,dhaslehurst31@360.cn,Female,133.61.103.75
111,Giustino,Juris,gjuris32@alibaba.com,Male,50.126.43.44
112,Stacy,Ticic,sticic33@tiny.cc,Female,71.37.11.0
113,Sutton,Lahiff,slahiff34@so-net.ne.jp,Male,207.131.41.49
114,Cross,Coultous,ccoultous35@rambler.ru,Male,249.24.228.141
115,Salem,Jellico,sjellico36@ameblo.jp,Male,92.42.31.31
116,Angelia,Colling,acolling37@narod.ru,Female,241.251.18.161
117,Janette,Bridden,jbridden38@nhs.uk,Female,33.128.7.18
118,Estel,Fincher,efincher39@aboutads.info,Female,217.116.110.48
119,Lon,Harland,lharland3a@springer.com,Male,89.51.188.249
120,Reine,Monnoyer,rmonnoyer3b@issuu.com,Female,2.30.60.157
121,Rossy,Mundee,rmundee3c@ameblo.jp,Male,76.111.122.171
122,Cyril,Askey,caskey3d@un.org,Male,54.176.64.222
123,Hersh,Lyngsted,hlyngsted3e@disqus.com,Male,134.42.146.125
124,Saw,Walczynski,swalczynski3f@de.vu,Male,132.94.152.74
125,Conchita,Alsina,calsina3g@accuweather.com,Female,82.60.107.129
126,Bobbie,Millhouse,bmillhouse3h@woothemes.com,Female,188.88.250.124
127,Levy,Arnholdt,larnholdt3i@ucoz.ru,Male,144.228.134.76
128,Esta,Tynemouth,etynemouth3j@shareasale.com,Female,47.198.49.24
129,Lurleen,Flade,lflade3k@utexas.edu,Female,66.230.157.145
130,Melonie,Bertwistle,mbertwistle3l@barnesandnoble.com,Female,126.58.39.237
131,Hogan,Crus,hcrus3m@oracle.com,Male,64.37.97.88
132,Carlyle,Kampshell,ckampshell3n@xing.com,Male,9.146.157.216
133,Willy,Shovell,wshovell3o@sina.com.cn,Female,241.54.149.142
134,Danica,Nucciotti,dnucciotti3p@icq.com,Female,245.74.83.175
135,Terza,Stoakley,tstoakley3q@timesonline.co.uk,Female,80.135.227.127
136,Gilburt,Laugharne,glaugharne3r@g.co,Male,178.2.223.92
137,Helen-elizabeth,Saunt,hsaunt3s@4shared.com,Female,83.64.115.80
138,Bradney,Feria,bferia3t@fc2.com,Male,101.202.138.251
139,Hanna,Fibbit,hfibbit3u@shutterfly.com,Female,130.128.78.190
140,Gerry,Haxby,ghaxby3v@nytimes.com,Female,0.163.142.45
141,Emelina,Kibblewhite,ekibblewhite3w@4shared.com,Female,132.232.49.225
142,Dianne,Ouldcott,douldcott3x@prnewswire.com,Female,210.230.183.113
143,Tadio,Reder,treder3y@nhs.uk,Male,73.170.168.78
144,Jacques,Laugier,jlaugier3z@scribd.com,Male,223.14.187.64
145,Maire,Biagini,mbiagini40@slashdot.org,Female,10.174.92.5
146,Kippie,Antoinet,kantoinet41@nih.gov,Male,121.175.13.201
147,Gilligan,Trewhela,gtrewhela42@cyberchimps.com,Female,51.133.10.254
148,Agace,Osborne,aosborne43@sitemeter.com,Female,161.105.29.63
149,Terrel,Fullard,tfullard44@pcworld.com,Male,193.190.41.211
150,Dukie,Gossop,dgossop45@histats.com,Male,23.73.178.42
151,Joelle,Leathard,jleathard46@com.com,Female,62.165.227.32
152,Ron,D' Angelo,rdangelo47@cafepress.com,Male,162.69.1.160
153,Trev,Costy,tcosty48@webeden.co.uk,Male,10.8.101.107
154,Minta,Keer,mkeer49@imdb.com,Female,173.139.148.249
155,Cordell,Duplain,cduplain4a@artisteer.com,Male,165.189.158.154
156,Jessie,Cruce,jcruce4b@mozilla.org,Male,88.130.240.9
157,Myrlene,Stobbs,mstobbs4c@youtube.com,Female,196.18.160.121
158,Joshuah,Aitchinson,jaitchinson4d@dmoz.org,Male,91.95.184.24
159,Jesselyn,Kubicka,jkubicka4e@wufoo.com,Female,225.22.249.8
160,Clementine,Harbison,charbison4f@microsoft.com,Female,231.243.150.12
161,Isadora,Veness,iveness4g@google.com.br,Female,253.26.121.149
162,Herve,Cecchi,hcecchi4h@wikia.com,Male,158.30.38.226
163,Carma,Welland,cwelland4i@skype.com,Female,17.94.167.183
164,Kaile,Kinnett,kkinnett4j@a8.net,Female,239.204.255.194
165,Vasili,Thorold,vthorold4k@shop-pro.jp,Male,37.161.7.45
166,Martino,Penhall,mpenhall4l@businesswire.com,Male,13.47.147.49
167,Carney,Klarzynski,cklarzynski4m@163.com,Male,25.160.32.250
168,Janela,Moubray,jmoubray4n@wix.com,Female,160.21.175.226
169,Dallas,Basnett,dbasnett4o@mlb.com,Male,147.134.12.108
170,Angelita,Clowsley,aclowsley4p@yahoo.co.jp,Female,204.141.89.132
171,Cori,Gabbidon,cgabbidon4q@wikipedia.org,Female,184.59.14.107
172,Dannel,Savatier,dsavatier4r@cmu.edu,Male,5.89.22.165
173,Fredric,Suckling,fsuckling4s@list-manage.com,Male,132.247.190.236
174,Robbyn,Downer,rdowner4t@redcross.org,Female,176.168.75.156
175,Torr,Turville,tturville4u@bloomberg.com,Male,138.92.23.219
176,Mersey,Calbrathe,mcalbrathe4v@delicious.com,Female,115.34.220.214
177,Mikol,Killingbeck,mkillingbeck4w@irs.gov,Male,36.193.45.39
178,Ken,Wolfart,kwolfart4x@dropbox.com,Male,43.78.111.255
179,Tucker,Necrews,tnecrews4y@businesswire.com,Male,252.153.9.228
180,Pedro,Duinbleton,pduinbleton4z@google.ca,Male,36.83.77.220
181,Jereme,Fortin,jfortin50@about.com,Male,14.94.94.230
182,Eleen,Probate,eprobate51@washingtonpost.com,Female,156.222.97.101
183,Marlon,Dobbins,mdobbins52@imageshack.us,Male,227.120.118.23
184,Dov,Itzkovitch,ditzkovitch53@t.co,Male,135.156.37.142
185,Vicki,Burriss,vburriss54@ihg.com,Female,87.51.248.39
186,Ronna,Fullylove,rfullylove55@wp.com,Female,26.249.64.238
187,Hermine,Clues,hclues56@t-online.de,Female,228.222.183.161
188,Elmore,Brecon,ebrecon57@360.cn,Male,171.26.192.211
189,Ludwig,Hadlow,lhadlow58@samsung.com,Male,86.6.129.248
190,Bertie,Langman,blangman59@cam.ac.uk,Female,40.216.157.118
191,Fred,Nickerson,fnickerson5a@networksolutions.com,Male,178.231.165.122
192,Winfield,Mulcock,wmulcock5b@issuu.com,Male,66.168.45.245
193,Lefty,Stone Fewings,lstonefewings5c@independent.co.uk,Male,201.209.182.32
194,Hewe,Mordey,hmordey5d@google.it,Male,145.191.124.166
195,Georgeanne,McKinn,gmckinn5e@so-net.ne.jp,Female,32.182.237.227
196,Monro,Lathom,mlathom5f@jalbum.net,Male,3.187.222.11
197,Franky,Bolte,fbolte5g@google.com.au,Female,109.209.11.163
198,Fidel,Loble,floble5h@nytimes.com,Male,231.21.239.7
199,Chlo,Bovey,cbovey5i@google.nl,Female,212.120.215.101
200,Kellby,Howlin,khowlin5j@photobucket.com,Male,184.161.182.132
201,Clemente,Chadburn,cchadburn5k@ameblo.jp,Male,133.144.62.210
202,Martelle,Batcock,mbatcock5l@sina.com.cn,Female,85.147.99.238
203,Stefano,Peatman,speatman5m@china.com.cn,Male,129.84.198.133
204,Helenelizabeth,Madeley,hmadeley5n@mozilla.com,Female,192.119.103.169
205,Hamel,Van der Mark,hvandermark5o@g.co,Male,126.42.212.212
206,Baryram,Pluvier,bpluvier5p@utexas.edu,Male,225.218.103.19
207,Tara,Allanby,tallanby5q@uiuc.edu,Female,211.94.78.43
208,Etheline,Jopke,ejopke5r@taobao.com,Female,14.212.198.199
209,Annecorinne,Whistan,awhistan5s@technorati.com,Female,43.130.198.141
210,Camile,McFie,cmcfie5t@uol.com.br,Female,159.14.218.49
211,Dedra,Sandford,dsandford5u@elpais.com,Female,221.128.252.209
212,Catlee,Hawarden,chawarden5v@shareasale.com,Female,126.154.113.239
213,Floyd,Wash,fwash5w@nbcnews.com,Male,45.191.107.61
214,Augustus,Wallege,awallege5x@lulu.com,Male,243.185.149.108
215,Jennilee,Antrack,jantrack5y@wisc.edu,Female,9.176.59.217
216,Blithe,Von Der Empten,bvonderempten5z@sun.com,Female,160.125.162.198
217,Mignonne,Borwick,mborwick60@google.it,Female,99.12.6.84
218,Orson,Chaim,ochaim61@google.com,Male,146.168.158.199
219,Michelle,Fisbey,mfisbey62@hibu.com,Female,54.18.240.175
220,Wanids,Van Waadenburg,wvanwaadenburg63@deviantart.com,Female,63.165.78.12
221,Jacquetta,Weedenburg,jweedenburg64@msu.edu,Female,105.109.30.31
222,Durward,Sawood,dsawood65@youtu.be,Male,146.177.228.110
223,Jonie,Simkovitz,jsimkovitz66@sfgate.com,Female,221.94.231.184
224,Bellanca,Towlson,btowlson67@list-manage.com,Female,21.154.148.184
225,Yolane,Ligerton,yligerton68@about.me,Female,80.126.138.159
226,Dorene,Kenefick,dkenefick69@yahoo.com,Female,18.119.129.142
227,Blinni,Feander,bfeander6a@qq.com,Female,95.81.152.68
228,Domenic,De Simoni,ddesimoni6b@japanpost.jp,Male,232.14.82.129
229,Rice,Nund,rnund6c@webs.com,Male,50.206.172.79
230,Giana,McCartan,gmccartan6d@blogspot.com,Female,14.214.153.100
231,Myrilla,Ishchenko,mishchenko6e@meetup.com,Female,66.172.81.47
232,Horace,Borlease,hborlease6f@washington.edu,Male,134.162.165.146
233,Reinwald,Rolfs,rrolfs6g@mashable.com,Male,254.74.100.243
234,Doralia,Friberg,dfriberg6h@joomla.org,Female,190.149.7.231
235,Lane,Westcar,lwestcar6i@hp.com,Female,222.233.198.87
236,Geordie,Kuhn,gkuhn6j@tripadvisor.com,Male,167.145.81.108
237,Pooh,Newens,pnewens6k@time.com,Male,50.112.104.102
238,Todd,Fry,tfry6l@feedburner.com,Male,8.40.47.75
239,Ibrahim,Matchell,imatchell6m@delicious.com,Male,215.146.195.195
240,Nessy,Sterry,nsterry6n@nasa.gov,Female,123.116.111.111
241,Bird,Riccetti,briccetti6o@multiply.com,Female,160.234.162.29
242,Jules,Brilon,jbrilon6p@tripadvisor.com,Male,178.122.123.158
243,Talbert,Pilch,tpilch6q@hp.com,Male,23.35.12.252
244,Amalle,Janson,ajanson6r@ox.ac.uk,Female,218.132.145.6
245,Carlina,Bolden,cbolden6s@bluehost.com,Female,227.235.175.157
246,Leslie,Shurrocks,lshurrocks6t@lycos.com,Female,138.238.118.38
247,Octavius,Peatheyjohns,opeatheyjohns6u@ifeng.com,Male,217.181.107.207
248,Bonnee,Franzettoini,bfranzettoini6v@google.co.jp,Female,52.53.224.140
249,Luella,McGilroy,lmcgilroy6w@cbsnews.com,Female,113.0.211.75
250,Shelli,Corck,scorck6x@noaa.gov,Female,167.57.254.112
251,Reyna,Antrim,rantrim6y@weibo.com,Female,65.156.240.45
252,Jenna,Stendall,jstendall6z@wiley.com,Female,164.173.18.101
253,Alexandr,Harmston,aharmston70@unesco.org,Male,49.26.175.138
254,Prudy,Caldeiro,pcaldeiro71@opera.com,Female,60.0.2.173
255,Malinda,McVitty,mmcvitty72@comsenz.com,Female,104.5.38.174
256,Jeddy,Seeney,jseeney73@cocolog-nifty.com,Male,252.118.233.193
257,Enrica,Autie,eautie74@prnewswire.com,Female,89.73.167.146
258,Nicol,Brecknall,nbrecknall75@patch.com,Female,161.154.166.151
259,Ashlen,Gouge,agouge76@home.pl,Female,125.111.90.100
260,Masha,Berthod,mberthod77@networksolutions.com,Female,245.113.240.162
261,Jenine,Littlefield,jlittlefield78@theguardian.com,Female,230.133.4.75
262,Mill,Haste,mhaste79@amazon.com,Male,122.178.11.215
263,Meggie,Huddlestone,mhuddlestone7a@dailymotion.com,Female,210.239.179.65
264,Amelina,Asbery,aasbery7b@marketwatch.com,Female,167.190.211.28
265,Sephira,Horlock,shorlock7c@canalblog.com,Female,246.243.235.71
266,Christiane,Asaaf,casaaf7d@prweb.com,Female,192.167.236.141
267,Rooney,Chesworth,rchesworth7e@utexas.edu,Male,4.65.21.68
268,Skippy,Glendinning,sglendinning7f@springer.com,Male,78.243.8.45
269,Linoel,Cobden,lcobden7g@hp.com,Male,155.6.176.186
270,Ross,Bielfeld,rbielfeld7h@so-net.ne.jp,Male,146.170.220.195
271,Eadith,Guerreru,eguerreru7i@wordpress.org,Female,83.155.75.149
272,Inga,Kalvin,ikalvin7j@histats.com,Female,20.133.6.238
273,Letta,Lorenzin,llorenzin7k@state.gov,Female,26.232.36.93
274,Austina,Pinckney,apinckney7l@unicef.org,Female,176.26.23.37
275,Joletta,Duffill,jduffill7m@nps.gov,Female,52.67.219.113
276,Thalia,Hingeley,thingeley7n@elpais.com,Female,48.186.43.162
277,Nollie,Phidgin,nphidgin7o@icq.com,Female,64.53.89.126
278,Walden,Schuricht,wschuricht7p@g.co,Male,250.49.208.195
279,Candis,Ellaway,cellaway7q@about.com,Female,44.203.17.13
280,Berny,Jowle,bjowle7r@over-blog.com,Female,252.130.148.71
281,Asia,Marians,amarians7s@list-manage.com,Female,232.191.103.238
282,Otes,Patriskson,opatriskson7t@uiuc.edu,Male,100.124.135.191
283,Grant,Gheorghie,ggheorghie7u@senate.gov,Male,165.93.252.132
284,Camala,Guillet,cguillet7v@diigo.com,Female,88.92.156.53
285,Koressa,Mulvy,kmulvy7w@flickr.com,Female,148.196.54.163
286,Derril,Vinden,dvinden7x@friendfeed.com,Male,236.50.217.178
287,Rriocard,Kollas,rkollas7y@nps.gov,Male,121.157.48.205
288,Milissent,Macquire,mmacquire7z@purevolume.com,Female,173.25.148.61
289,Alfonso,Watt,awatt80@t.co,Male,104.114.157.48
290,Zachary,Raymond,zraymond81@fda.gov,Male,186.230.42.62
291,Rachelle,Weavers,rweavers82@sogou.com,Female,75.89.220.47
292,Rania,Gatlin,rgatlin83@opera.com,Female,233.12.173.140
293,Matt,Hamstead,mhamstead84@ezinearticles.com,Male,175.73.37.160
294,Andrey,Tiley,atiley85@sina.com.cn,Male,94.49.171.168
295,Emmy,Gimeno,egimeno86@shutterfly.com,Male,160.222.140.57
296,Lebbie,Winger,lwinger87@ifeng.com,Female,90.144.157.106
297,Ase,Lea,alea88@dot.gov,Male,166.42.184.141
298,Berta,Plott,bplott89@java.com,Female,124.219.145.155
299,Fulvia,Dranfield,fdranfield8a@printfriendly.com,Female,162.16.57.251
300,Von,Carlon,vcarlon8b@disqus.com,Male,172.136.214.181
301,Stanley,Longworthy,slongworthy8c@bloomberg.com,Male,46.221.50.146
302,Oran,Fordy,ofordy8d@barnesandnoble.com,Male,49.120.105.66
303,Annetta,Sanham,asanham8e@wikipedia.org,Female,192.55.65.14
304,Allix,O' Sullivan,aosullivan8f@bizjournals.com,Female,205.9.125.224
305,Ondrea,Vannoort,ovannoort8g@webs.com,Female,125.69.236.181
306,Cherice,Delacote,cdelacote8h@spotify.com,Female,41.70.145.144
307,Major,Spain,mspain8i@dot.gov,Male,220.183.47.223
308,Verile,Jennison,vjennison8j@sciencedirect.com,Female,160.60.178.75
309,Vassili,Bussetti,vbussetti8k@macromedia.com,Male,245.17.34.46
310,Haley,Spini,hspini8l@stanford.edu,Male,172.8.137.152
311,Whitman,Tavinor,wtavinor8m@storify.com,Male,130.182.177.232
312,Mel,Spencley,mspencley8n@ucoz.ru,Male,192.136.207.162
313,Valencia,Youson,vyouson8o@360.cn,Female,162.208.10.7
314,Vin,Whitney,vwhitney8p@state.tx.us,Female,193.124.169.202
315,Dolf,Filippo,dfilippo8q@home.pl,Male,145.163.59.228
316,Rikki,Tembey,rtembey8r@yahoo.co.jp,Male,216.120.194.14
317,Tyson,Bartocci,tbartocci8s@smh.com.au,Male,116.126.143.169
318,Michael,Kinnear,mkinnear8t@paginegialle.it,Male,134.153.127.227
319,Ximenez,Blackster,xblackster8u@php.net,Male,44.53.162.208
320,Robbie,Bottell,rbottell8v@epa.gov,Male,148.22.39.19
321,Bethanne,Abdee,babdee8w@narod.ru,Female,95.176.47.122
322,Nehemiah,Franzini,nfranzini8x@mozilla.com,Male,93.101.200.130
323,Dallon,Barnard,dbarnard8y@wikispaces.com,Male,224.70.186.9
324,Sissie,Tommei,stommei8z@unicef.org,Female,81.250.7.20
325,Cary,Carr,ccarr90@unc.edu,Male,124.77.224.35
326,Nicola,Carncross,ncarncross91@sciencedirect.com,Male,111.141.33.67
327,Percival,Gainseford,pgainseford92@uol.com.br,Male,248.44.199.169
328,Grace,Harford,gharford93@marriott.com,Male,214.9.21.195
329,Monro,Witch,mwitch94@businessinsider.com,Male,217.151.111.130
330,Sol,Okenden,sokenden95@amazon.co.jp,Male,91.37.224.59
331,Eleen,Coller,ecoller96@dmoz.org,Female,226.147.27.118
332,Beck,Doghartie,bdoghartie97@usgs.gov,Male,221.93.97.164
333,Sherlock,Altofts,saltofts98@google.com.br,Male,157.99.83.168
334,Frederique,Iannitti,fiannitti99@rakuten.co.jp,Female,60.152.206.137
335,Lesley,Puckinghorne,lpuckinghorne9a@csmonitor.com,Male,230.166.234.44
336,Ogdan,Dalby,odalby9b@canalblog.com,Male,108.37.67.55
337,Carena,Longland,clongland9c@adobe.com,Female,190.213.37.254
338,Cosmo,Pottle,cpottle9d@ox.ac.uk,Male,130.107.47.99
339,Wandis,Brandin,wbrandin9e@adobe.com,Female,19.115.218.34
340,Giulia,Tidey,gtidey9f@timesonline.co.uk,Female,29.114.62.231
341,Emmott,Lockney,elockney9g@webmd.com,Male,186.37.109.3
342,Frankie,Kupis,fkupis9h@slate.com,Male,56.132.166.177
343,Fifine,Burgh,fburgh9i@liveinternet.ru,Female,12.90.81.241
344,Georgi,Iskov,giskov9j@newsvine.com,Male,92.47.207.75
345,Padraic,McCullum,pmccullum9k@engadget.com,Male,64.228.121.13
346,Pascal,Carville,pcarville9l@eepurl.com,Male,149.205.51.90
347,Brantley,Quinn,bquinn9m@mapy.cz,Male,67.128.95.238
348,Braden,Shapland,bshapland9n@about.com,Male,142.109.45.112
349,Arlie,Coning,aconing9o@stumbleupon.com,Female,166.234.33.16
350,Selma,Baudasso,sbaudasso9p@tamu.edu,Female,46.47.244.173
351,Even,Gorvette,egorvette9q@wix.com,Male,193.80.155.42
352,Merna,Telford,mtelford9r@vistaprint.com,Female,181.46.138.215
353,Ara,Ryam,aryam9s@unicef.org,Female,9.251.187.17
354,Drona,Caldron,dcaldron9t@jimdo.com,Female,134.193.38.38
355,Willetta,Mostyn,wmostyn9u@privacy.gov.au,Female,191.252.136.176
356,Land,Grieswood,lgrieswood9v@netlog.com,Male,160.119.34.208
357,Cecil,Okie,cokie9w@sphinn.com,Female,116.125.140.222
358,West,Corke,wcorke9x@histats.com,Male,10.176.164.252
359,Cob,Budding,cbudding9y@jimdo.com,Male,204.252.236.25
360,Molli,Cyples,mcyples9z@boston.com,Female,78.162.91.229
361,Yardley,Pimlott,ypimlotta0@flickr.com,Male,151.150.111.0
362,Pembroke,Ballchin,pballchina1@miibeian.gov.cn,Male,34.189.34.86
363,Nadine,Sherred,nsherreda2@walmart.com,Female,8.29.161.254
364,Borg,Baltrushaitis,bbaltrushaitisa3@t-online.de,Male,248.126.70.196
365,Ezri,Caswall,ecaswalla4@cbslocal.com,Male,114.121.96.24
366,Olga,Reely,oreelya5@samsung.com,Female,22.184.18.11
367,Jermayne,Tremeer,jtremeera6@nasa.gov,Male,88.63.103.196
368,Jennette,Skill,jskilla7@wordpress.com,Female,27.255.74.65
369,Temple,Pawlyn,tpawlyna8@columbia.edu,Male,198.122.150.176
370,Trever,Laidlaw,tlaidlawa9@yellowpages.com,Male,24.126.100.242
371,Isa,Bottoner,ibottoneraa@mlb.com,Female,189.110.156.46
372,Ann-marie,Searjeant,asearjeantab@baidu.com,Female,2.146.169.36
373,Merle,Tregiddo,mtregiddoac@jigsy.com,Male,224.163.253.143
374,Ichabod,Eisikovitsh,ieisikovitshad@timesonline.co.uk,Male,198.99.165.15
375,Renato,Daugherty,rdaughertyae@archive.org,Male,0.95.81.54
376,Nada,Heinecke,nheineckeaf@businessinsider.com,Female,198.243.139.197
377,Isabel,Letherbury,iletherburyag@si.edu,Female,93.142.94.22
378,Amaleta,Crimmins,acrimminsah@xing.com,Female,228.236.206.51
379,Jordana,Schruyer,jschruyerai@e-recht24.de,Female,71.165.233.154
380,Lurlene,Kaszper,lkaszperaj@omniture.com,Female,180.221.248.91
381,Duffy,Spileman,dspilemanak@intel.com,Male,130.163.236.0
382,Townie,Whylie,twhylieal@java.com,Male,238.170.118.30
383,Zachary,Tringham,ztringhamam@whitehouse.gov,Male,229.110.171.158
384,Stanford,Gegg,sgeggan@yandex.ru,Male,28.46.13.2
385,Susie,Lauret,slauretao@ihg.com,Female,139.148.96.217
386,Auberon,Olivari,aolivariap@google.ca,Male,197.193.158.98
387,Carlyle,Freer,cfreeraq@skyrock.com,Male,227.145.233.129
388,Johannah,Pole,jpolear@huffingtonpost.com,Female,220.166.253.53
389,Shawn,Chucks,schucksas@eventbrite.com,Male,54.71.107.9
390,Adel,Baxstar,abaxstarat@timesonline.co.uk,Female,229.26.162.30
391,Waylen,Dearth,wdearthau@reuters.com,Male,102.54.189.168
392,Georgena,Archibald,garchibaldav@jiathis.com,Female,111.90.140.157
393,Jourdain,Itter,jitteraw@apple.com,Male,134.97.49.171
394,Ebenezer,MacIlriach,emacilriachax@wordpress.com,Male,40.225.225.70
395,Bord,Ashe,basheay@hud.gov,Male,246.67.173.44
396,Ignaz,Howden,ihowdenaz@cnn.com,Male,18.178.116.215
397,Wini,Dimitriev,wdimitrievb0@youku.com,Female,128.147.51.68
398,Karie,Gelling,kgellingb1@quantcast.com,Female,31.252.150.211
399,Noami,Kordes,nkordesb2@google.pl,Female,119.60.72.169
400,Salomi,Simcoe,ssimcoeb3@google.ru,Female,137.236.230.216
401,Jennica,Tarren,jtarrenb4@ox.ac.uk,Female,171.54.62.218
402,Isak,Collar,icollarb5@adobe.com,Male,211.154.191.66
403,Kev,Pittway,kpittwayb6@sbwire.com,Male,15.64.232.120
404,Lindsy,Ridewood,lridewoodb7@51.la,Female,184.35.112.171
405,Abrahan,Boughey,abougheyb8@wordpress.com,Male,119.111.41.252
406,Obed,Kirk,okirkb9@1und1.de,Male,122.250.172.17
407,Katherine,Massimo,kmassimoba@ovh.net,Female,191.224.4.107
408,Hugues,Balfour,hbalfourbb@constantcontact.com,Male,234.188.154.138
409,Aleta,Woodage,awoodagebc@cmu.edu,Female,206.202.108.106
410,Annissa,Eyton,aeytonbd@washingtonpost.com,Female,75.8.134.83
411,Luciano,Dionisetto,ldionisettobe@technorati.com,Male,190.158.78.123
412,Gibbie,Alsop,galsopbf@canalblog.com,Male,156.180.233.97
413,Chrystal,Sitch,csitchbg@photobucket.com,Female,243.243.214.60
414,Delainey,Lutzmann,dlutzmannbh@parallels.com,Male,7.2.143.41
415,Davide,Mostin,dmostinbi@usatoday.com,Male,192.230.25.27
416,Chane,Baverstock,cbaverstockbj@vistaprint.com,Male,233.182.121.5
417,Morlee,Rosenboim,mrosenboimbk@smugmug.com,Male,88.140.13.249
418,Rafaello,Gouda,rgoudabl@blogtalkradio.com,Male,176.226.247.233
419,Chrissie,Burgott,cburgottbm@hibu.com,Male,203.190.159.188
420,Keri,Snugg,ksnuggbn@marriott.com,Female,10.85.107.85
421,Mariann,de Cullip,mdecullipbo@php.net,Female,151.108.103.236
422,Dorian,Dupoy,ddupoybp@google.fr,Female,130.166.76.101
423,Xena,Durrans,xdurransbq@imgur.com,Female,70.238.223.133
424,Elana,Dillinger,edillingerbr@reference.com,Female,191.50.201.219
425,Netti,Ketchaside,nketchasidebs@smh.com.au,Female,232.7.176.237
426,Donna,Kingett,dkingettbt@intel.com,Female,69.52.93.187
427,Haze,Potzold,hpotzoldbu@aol.com,Male,185.190.157.166
428,Camilla,Hathorn,chathornbv@miitbeian.gov.cn,Female,87.97.116.25
429,Cornelle,Richmont,crichmontbw@amazon.com,Female,205.241.71.236
430,Dela,Mosdell,dmosdellbx@multiply.com,Female,51.151.127.209
431,Geneva,Walhedd,gwalheddby@quantcast.com,Female,101.237.206.72
432,Roxana,Crenage,rcrenagebz@cyberchimps.com,Female,210.237.14.143
433,Jerrine,Tessier,jtessierc0@plala.or.jp,Female,105.35.173.175
434,Edsel,Jouanny,ejouannyc1@wired.com,Male,13.200.12.142
435,Barby,Sollett,bsollettc2@mozilla.com,Female,76.121.49.7
436,Anthia,Favelle,afavellec3@theglobeandmail.com,Female,109.210.170.120
437,Cristy,Bluck,cbluckc4@google.es,Female,75.19.218.246
438,Randee,Wenzel,rwenzelc5@ameblo.jp,Female,141.1.251.255
439,Nell,Erickson,nericksonc6@europa.eu,Female,107.173.179.96
440,Lin,Vedenisov,lvedenisovc7@tinyurl.com,Female,229.240.182.33
441,Gwen,Tompkin,gtompkinc8@redcross.org,Female,253.88.61.103
442,Meaghan,Ruffy,mruffyc9@princeton.edu,Female,152.14.190.215
443,Cart,Cargill,ccargillca@smh.com.au,Male,124.61.151.157
444,Lisabeth,Odell,lodellcb@wikipedia.org,Female,99.76.246.73
445,Lenore,Cline,lclinecc@ning.com,Female,234.143.25.228
446,Towney,Aliman,talimancd@mashable.com,Male,144.38.144.88
447,Sacha,Dinse,sdinsece@pcworld.com,Female,136.88.120.8
448,Frannie,Biagini,fbiaginicf@engadget.com,Male,226.169.72.168
449,Agna,Branford,abranfordcg@ftc.gov,Female,161.44.247.54
450,Leeann,Spradbrow,lspradbrowch@naver.com,Female,18.50.227.153
451,Thea,Rabbatts,trabbattsci@phpbb.com,Female,73.1.33.133
452,Aron,Riccard,ariccardcj@google.it,Male,26.47.21.47
453,Angie,Throssell,athrossellck@ehow.com,Female,173.250.152.129
454,Ellsworth,Etienne,eetiennecl@china.com.cn,Male,48.124.62.141
455,Doralin,Pedlar,dpedlarcm@skype.com,Female,63.214.241.78
456,Moselle,Eckh,meckhcn@soup.io,Female,57.146.40.245
457,Kayne,Priver,kpriverco@spiegel.de,Male,197.170.11.183
458,Bar,Fist,bfistcp@issuu.com,Male,144.34.148.154
459,Sasha,Stemson,sstemsoncq@quantcast.com,Female,109.240.196.183
460,Faye,Dorricott,fdorricottcr@taobao.com,Female,184.246.148.24
461,Stanislas,Middlebrook,smiddlebrookcs@senate.gov,Male,162.235.11.39
462,Gavrielle,Cheater,gcheaterct@xrea.com,Female,130.221.98.226
463,Trueman,Cardwell,tcardwellcu@netscape.com,Male,206.215.238.144
464,Simona,Gulston,sgulstoncv@home.pl,Female,19.43.228.159
465,Aleen,Frisdick,afrisdickcw@barnesandnoble.com,Female,8.105.231.150
466,Had,Kleine,hkleinecx@boston.com,Male,94.22.243.223
467,Onofredo,Kynnd,okynndcy@devhub.com,Male,148.55.233.7
468,Cammy,Gravestone,cgravestonecz@youku.com,Male,199.29.69.16
469,Orlan,Wadhams,owadhamsd0@nature.com,Male,226.10.227.121
470,Miran,Prangnell,mprangnelld1@purevolume.com,Female,65.194.95.178
471,Terese,Jacobowits,tjacobowitsd2@people.com.cn,Female,220.233.67.37
472,Lannie,Manns,lmannsd3@delicious.com,Male,117.133.21.231
473,Bryce,Kitter,bkitterd4@disqus.com,Male,31.180.4.127
474,Virginie,Maryan,vmaryand5@squarespace.com,Female,44.4.96.237
475,Tedda,Rocca,troccad6@newsvine.com,Female,66.39.118.113
476,Bartolemo,McClaughlin,bmcclaughlind7@jugem.jp,Male,195.127.29.134
477,Sheelah,Ellingford,sellingfordd8@stanford.edu,Female,237.111.117.238
478,Chick,Stacey,cstaceyd9@archive.org,Male,70.54.65.3
479,Stefano,Foulkes,sfoulkesda@ameblo.jp,Male,240.32.158.231
480,Shayna,Brambley,sbrambleydb@furl.net,Female,164.15.186.16
481,Tabbitha,Crafter,tcrafterdc@xrea.com,Female,139.11.53.45
482,Susette,Vanyushkin,svanyushkindd@omniture.com,Female,77.56.218.77
483,Renate,Szantho,rszanthode@behance.net,Female,110.170.228.31
484,Devondra,Thomassin,dthomassindf@github.com,Female,76.165.111.177
485,Gardiner,Wortt,gworttdg@blog.com,Male,250.201.237.183
486,Rora,Whenman,rwhenmandh@ucla.edu,Female,53.155.34.28
487,Felike,Laneham,flanehamdi@paypal.com,Male,162.202.60.6
488,Obadiah,Wapples,owapplesdj@cloudflare.com,Male,170.231.155.251
489,Colver,Hulburt,chulburtdk@mediafire.com,Male,233.96.17.183
490,Consolata,Moss,cmossdl@answers.com,Female,201.9.241.131
491,Eldredge,Hutchin,ehutchindm@spotify.com,Male,52.26.242.99
492,Thorny,Maneylaws,tmaneylawsdn@163.com,Male,66.79.133.194
493,Karol,MacKonochie,kmackonochiedo@mozilla.org,Female,204.211.234.129
494,Mendie,Screaton,mscreatondp@privacy.gov.au,Male,219.212.34.82
495,Shaylynn,Frackiewicz,sfrackiewiczdq@wikipedia.org,Female,156.228.184.149
496,Maxwell,Skoughman,mskoughmandr@wiley.com,Male,226.200.212.230
497,Lorenzo,Gossington,lgossingtonds@indiatimes.com,Male,185.210.28.150
498,Brigham,Bassingden,bbassingdendt@unicef.org,Male,175.9.235.128
499,Baird,Rodd,brodddu@patch.com,Male,194.183.11.232
500,Michel,Gliddon,mgliddondv@youku.com,Female,218.93.72.187
501,Valentia,Surgenor,vsurgenordw@linkedin.com,Female,199.141.178.25
502,Filip,Schiefersten,fschieferstendx@woothemes.com,Male,15.240.134.28
503,Vinson,Showl,vshowldy@spotify.com,Male,40.240.177.28
504,Gualterio,Joicey,gjoiceydz@amazon.de,Male,96.45.156.167
505,Alvis,Weekland,aweeklande0@prweb.com,Male,108.96.43.185
506,Perri,Lanceley,planceleye1@walmart.com,Female,124.18.75.10
507,Brina,Dagg,bdagge2@taobao.com,Female,255.19.195.80
508,Rabi,Penella,rpenellae3@paginegialle.it,Male,186.249.188.191
509,Nathalie,MacGee,nmacgeee4@java.com,Female,157.51.173.251
510,Randi,Van De Cappelle,rvandecappellee5@about.me,Male,217.125.220.204
511,Filmore,Screwton,fscrewtone6@etsy.com,Male,12.164.65.73
512,Elia,Zaczek,ezaczeke7@webmd.com,Male,210.168.66.141
513,Willem,Berends,wberendse8@xinhuanet.com,Male,221.53.250.102
514,Bernardina,Ahlin,bahline9@bloglines.com,Female,180.1.67.126
515,Myra,Gaspero,mgasperoea@merriam-webster.com,Female,242.54.137.205
516,Kasey,Koeppe,kkoeppeeb@zdnet.com,Female,34.0.182.226
517,Ann-marie,Raulin,araulinec@epa.gov,Female,114.110.230.218
518,Bendite,Domican,bdomicaned@pcworld.com,Female,117.158.42.148
519,Easter,Scoterbosh,escoterboshee@hp.com,Female,60.84.220.159
520,Becki,Creser,bcreseref@china.com.cn,Female,84.16.89.250
521,Raeann,Pumphrey,rpumphreyeg@samsung.com,Female,44.33.23.237
522,Karlee,Guite,kguiteeh@nsw.gov.au,Female,202.25.71.10
523,Hilliard,Moscon,hmosconei@europa.eu,Male,103.104.124.167
524,Alyce,Tudor,atudorej@squarespace.com,Female,85.68.55.172
525,Rafe,Getten,rgettenek@usda.gov,Male,67.253.251.40
526,Cornelia,Stamps,cstampsel@msn.com,Female,186.28.126.252
527,Averil,Cracknall,acracknallem@e-recht24.de,Male,80.104.3.107
528,Andros,Hilldrop,ahilldropen@cafepress.com,Male,184.121.209.222
529,Galen,Fountian,gfountianeo@discovery.com,Male,92.68.180.16
530,Addie,Beardsdale,abeardsdaleep@e-recht24.de,Male,50.214.20.118
531,Cris,Napper,cnappereq@newyorker.com,Female,35.234.171.159
532,Loutitia,Zimmermeister,lzimmermeisterer@photobucket.com,Female,80.199.210.210
533,Ulises,Matushevitz,umatushevitzes@va.gov,Male,40.209.159.49
534,Boot,Milleton,bmilletonet@fastcompany.com,Male,51.20.120.115
535,Maurice,Reeds,mreedseu@rambler.ru,Male,91.165.37.81
536,Karlens,Aukland,kauklandev@seesaa.net,Male,179.178.83.110
537,Ardath,Harsnep,aharsnepew@cocolog-nifty.com,Female,189.117.5.110
538,Dougie,Mauditt,dmaudittex@vk.com,Male,78.208.235.108
539,Rod,Coling,rcolingey@yellowbook.com,Male,215.171.145.210
540,Halsy,McGrath,hmcgrathez@surveymonkey.com,Male,232.181.186.247
541,Dollie,Dooney,ddooneyf0@google.cn,Female,236.5.63.189
542,Aurore,Jaeggi,ajaeggif1@exblog.jp,Female,134.143.183.62
543,Gar,Kydde,gkyddef2@intel.com,Male,161.66.220.39
544,Mitchael,Preddle,mpreddlef3@blogspot.com,Male,159.125.38.21
545,Darb,Emmins,demminsf4@toplist.cz,Female,153.206.226.123
546,Ivory,Byllam,ibyllamf5@go.com,Female,170.154.24.234
547,Nikola,Rosel,nroself6@wisc.edu,Male,109.230.23.132
548,Leicester,Serjeant,lserjeantf7@yahoo.com,Male,177.130.50.211
549,Merla,Garnul,mgarnulf8@google.com.br,Female,85.10.138.87
550,Ki,Davidsen,kdavidsenf9@list-manage.com,Female,240.129.73.91
551,Peirce,Lake,plakefa@blinklist.com,Male,90.73.140.160
552,Sophronia,Geroldo,sgeroldofb@com.com,Female,201.240.53.105
553,Alexandros,Dyball,adyballfc@tiny.cc,Male,39.217.84.224
554,Diena,Lumby,dlumbyfd@forbes.com,Female,36.73.58.214
555,Mackenzie,Jozsika,mjozsikafe@barnesandnoble.com,Male,112.219.69.233
556,Vaclav,Braidford,vbraidfordff@people.com.cn,Male,52.170.215.135
557,Katlin,Di Francecshi,kdifrancecshifg@who.int,Female,92.220.201.67
558,Wat,Desorts,wdesortsfh@state.gov,Male,248.43.14.230
559,Larissa,Taverner,ltavernerfi@sourceforge.net,Female,97.101.62.128
560,Sebastien,Drache,sdrachefj@geocities.com,Male,109.84.18.200
561,Nilson,Ceillier,nceillierfk@eventbrite.com,Male,247.150.5.122
562,Kaleena,Stutte,kstuttefl@blog.com,Female,222.157.26.219
563,Sheila,Hinkes,shinkesfm@tinypic.com,Female,6.198.159.105
564,Derrick,Coogan,dcooganfn@nationalgeographic.com,Male,89.148.70.140
565,Belle,Theaker,btheakerfo@infoseek.co.jp,Female,252.251.150.248
566,Leda,Keyson,lkeysonfp@blogs.com,Female,230.98.202.81
567,Kip,Whinney,kwhinneyfq@skype.com,Female,122.157.213.47
568,Leticia,Marven,lmarvenfr@google.com,Female,57.60.188.54
569,Felice,Hamlett,fhamlettfs@goodreads.com,Female,249.230.10.132
570,Vita,Linkin,vlinkinft@geocities.jp,Female,79.151.150.218
571,Georgena,Cornelissen,gcornelissenfu@cmu.edu,Female,253.220.87.82
572,Griffin,McAllen,gmcallenfv@businesswire.com,Male,200.146.24.70
573,Clare,Dewberry,cdewberryfw@behance.net,Male,161.147.100.121
574,Reinhold,Hardeman,rhardemanfx@boston.com,Male,1.196.31.78
575,Vite,Riepel,vriepelfy@sina.com.cn,Male,225.195.160.184
576,Loraine,Szimoni,lszimonifz@cafepress.com,Female,176.228.54.89
577,Ed,Oliva,eolivag0@psu.edu,Male,135.120.34.88
578,Panchito,Crewther,pcrewtherg1@ning.com,Male,184.183.20.183
579,Val,Espinosa,vespinosag2@clickbank.net,Male,229.237.135.95
580,Thebault,Langworthy,tlangworthyg3@last.fm,Male,51.227.163.80
581,Tate,Fogg,tfoggg4@wufoo.com,Male,58.177.237.148
582,Magnum,Urlin,murling5@amazonaws.com,Male,56.119.66.2
583,Zsazsa,Stollmeyer,zstollmeyerg6@berkeley.edu,Female,14.95.139.2
584,Benni,Reece,breeceg7@taobao.com,Female,214.250.50.63
585,Skell,Zanassi,szanassig8@a8.net,Male,3.119.232.190
586,Koo,Anthes,kanthesg9@google.ca,Female,211.30.105.130
587,Tirrell,Sharples,tsharplesga@yahoo.co.jp,Male,68.193.190.232
588,Bil,Dene,bdenegb@exblog.jp,Male,252.126.183.90
589,Karyl,Jenking,kjenkinggc@squarespace.com,Female,196.224.25.32
590,Roarke,Floyed,rfloyedgd@senate.gov,Male,251.100.67.144
591,Kikelia,Silvermann,ksilvermannge@smh.com.au,Female,110.132.129.79
592,Garrek,Licciardo,glicciardogf@globo.com,Male,128.201.104.229
593,Olimpia,Britcher,obritchergg@state.tx.us,Female,204.203.99.133
594,Donaugh,Commusso,dcommussogh@mtv.com,Male,55.158.186.248
595,Jamie,Saffen,jsaffengi@princeton.edu,Male,183.117.27.41
596,Henryetta,Gerrans,hgerransgj@psu.edu,Female,71.33.198.91
597,Merrie,Shortcliffe,mshortcliffegk@google.nl,Female,129.9.249.98
598,Ludovico,Bonnier,lbonniergl@tinypic.com,Male,38.193.191.240
599,Annamaria,Huller,ahullergm@guardian.co.uk,Female,200.43.100.16
600,Gothart,Aloshikin,galoshikingn@discovery.com,Male,129.84.113.103
601,Olympie,Tourry,otourrygo@blog.com,Female,53.44.123.65
602,Bianca,Tucsell,btucsellgp@comcast.net,Female,139.186.141.4
603,Aleece,Baroux,abarouxgq@nature.com,Female,28.197.83.126
604,Cornela,Leed,cleedgr@youtu.be,Female,75.100.247.23
605,Nataniel,Noot,nnootgs@wikispaces.com,Male,47.158.8.143
606,Wolf,Dohrmann,wdohrmanngt@bbc.co.uk,Male,239.15.223.18
607,Hans,Currao,hcurraogu@dailymotion.com,Male,22.82.181.147
608,Heida,Battle,hbattlegv@phoca.cz,Female,160.121.151.196
609,Edik,Vidloc,evidlocgw@google.com.au,Male,127.236.246.144
610,Edlin,Gretton,egrettongx@feedburner.com,Male,8.2.44.131
611,Scotti,Revie,sreviegy@answers.com,Male,207.46.25.239
612,Pete,Luigi,pluigigz@etsy.com,Male,236.12.184.220
613,Karia,Cranidge,kcranidgeh0@blogtalkradio.com,Female,100.37.93.92
614,Killie,Hargey,khargeyh1@fc2.com,Male,14.211.149.189
615,Valeda,Sergent,vsergenth2@epa.gov,Female,69.205.69.38
616,Victoria,Philipart,vphiliparth3@cbslocal.com,Female,19.96.107.220
617,Wilton,Dinsey,wdinseyh4@com.com,Male,119.222.246.182
618,Deeann,Ungerecht,dungerechth5@howstuffworks.com,Female,80.238.42.92
619,Catherin,Carlisso,ccarlissoh6@technorati.com,Female,146.50.144.197
620,Kristi,Slocket,kslocketh7@fema.gov,Female,201.225.156.48
621,Arturo,MacCumiskey,amaccumiskeyh8@sogou.com,Male,76.56.34.184
622,Reinhold,Iggulden,rigguldenh9@discovery.com,Male,21.243.16.138
623,Carlyle,Bernardez,cbernardezha@homestead.com,Male,211.170.49.228
624,Stirling,Bunworth,sbunworthhb@statcounter.com,Male,201.49.158.59
625,Eldridge,Haveline,ehavelinehc@reverbnation.com,Male,89.141.119.54
626,Harald,Jirsa,hjirsahd@quantcast.com,Male,231.156.109.3
627,Merlina,Rushforth,mrushforthhe@alexa.com,Female,167.190.181.191
628,Cassandry,Faulkner,cfaulknerhf@weebly.com,Female,0.187.43.96
629,Celestine,Golborne,cgolbornehg@pcworld.com,Female,112.172.104.175
630,Bobine,Fripps,bfrippshh@craigslist.org,Female,55.174.172.29
631,Hill,Saldler,hsaldlerhi@cdc.gov,Male,44.70.81.82
632,Gail,Sedwick,gsedwickhj@about.com,Female,213.50.208.206
633,Arv,Muggleton,amuggletonhk@whitehouse.gov,Male,61.147.184.8
634,Fidelio,Nudde,fnuddehl@ovh.net,Male,147.59.161.209
635,Blayne,Skyrme,bskyrmehm@nymag.com,Male,203.39.194.52
636,Cale,Gamell,cgamellhn@mtv.com,Male,129.93.65.3
637,Quinn,Jakov,qjakovho@deliciousdays.com,Female,19.20.67.251
638,Ripley,Chiplen,rchiplenhp@barnesandnoble.com,Male,197.87.254.62
639,Ailee,Haglinton,ahaglintonhq@phpbb.com,Female,158.44.113.41
640,Sammie,Swash,sswashhr@weibo.com,Male,156.121.210.167
641,Carl,Firidolfi,cfiridolfihs@dell.com,Male,205.194.85.104
642,Goldie,Congrave,gcongraveht@ebay.com,Female,2.155.1.108
643,Moss,Galliver,mgalliverhu@intel.com,Male,192.18.35.227
644,Cindelyn,Piercey,cpierceyhv@hibu.com,Female,214.87.246.232
645,Caritta,Carus,ccarushw@intel.com,Female,230.60.237.24
646,Lauritz,Thurstan,lthurstanhx@google.co.jp,Male,65.41.137.37
647,Wilden,Dendon,wdendonhy@spotify.com,Male,213.37.164.64
648,Felizio,Romme,frommehz@toplist.cz,Male,89.19.102.137
649,Francene,Mangon,fmangoni0@toplist.cz,Female,157.130.114.36
650,Torrie,Robb,trobbi1@yellowbook.com,Female,32.216.50.151
651,Archer,Madge,amadgei2@sourceforge.net,Male,56.170.153.166
652,Val,Aarons,vaaronsi3@slate.com,Male,106.147.107.69
653,Barny,Earey,beareyi4@constantcontact.com,Male,41.199.190.11
654,Jade,O'Skehan,joskehani5@cargocollective.com,Female,42.112.50.132
655,Edward,Gresty,egrestyi6@tinypic.com,Male,209.149.109.98
656,Angelico,Raggatt,araggatti7@washington.edu,Male,205.222.220.22
657,Rriocard,Tripean,rtripeani8@fc2.com,Male,201.184.85.219
658,Kiley,Sprionghall,ksprionghalli9@moonfruit.com,Male,147.65.35.2
659,Zerk,Roullier,zroullieria@umich.edu,Male,183.196.163.175
660,Normy,McCullum,nmccullumib@noaa.gov,Male,109.1.107.98
661,Vivianne,Joice,vjoiceic@mediafire.com,Female,13.249.20.28
662,Barbaraanne,Cowl,bcowlid@imageshack.us,Female,30.221.80.203
663,Thedrick,Norman,tnormanie@cornell.edu,Male,214.12.61.14
664,Albert,Englefield,aenglefieldif@quantcast.com,Male,48.227.163.88
665,Saundra,Nixon,snixonig@washingtonpost.com,Male,208.103.221.121
666,Reid,Asplen,rasplenih@tripadvisor.com,Male,158.171.2.91
667,Kendell,Towl,ktowlii@boston.com,Male,138.74.95.159
668,Grantham,Wolffers,gwolffersij@nasa.gov,Male,98.180.228.87
669,Renaud,Micallef,rmicallefik@typepad.com,Male,241.195.58.56
670,Gratiana,Scotchmor,gscotchmoril@house.gov,Female,66.165.153.176
671,Erek,Kemwall,ekemwallim@yandex.ru,Male,124.117.71.144
672,Emlyn,Spinozzi,espinozziin@usatoday.com,Male,145.248.96.157
673,Benjamen,Lassen,blassenio@pcworld.com,Male,231.179.171.247
674,Piotr,Tonkinson,ptonkinsonip@g.co,Male,115.216.99.201
675,Alphonse,Leneham,alenehamiq@mtv.com,Male,216.15.68.177
676,Korney,Strippel,kstrippelir@mapquest.com,Female,76.102.76.240
677,Yankee,Saltmarshe,ysaltmarsheis@digg.com,Male,14.215.199.190
678,Terrance,Feathers,tfeathersit@storify.com,Male,4.82.55.29
679,Trevor,Twinberrow,ttwinberrowiu@auda.org.au,Male,218.47.201.165
680,Conrado,Collier,ccollieriv@unesco.org,Male,144.89.251.58
681,Kennith,Van den Velden,kvandenveldeniw@ucsd.edu,Male,168.128.79.15
682,Berri,Bettison,bbettisonix@artisteer.com,Female,126.148.83.105
683,Veronique,Crust,vcrustiy@techcrunch.com,Female,209.100.217.24
684,Thatch,Vaulkhard,tvaulkhardiz@admin.ch,Male,189.212.95.83
685,Demott,Cosby,dcosbyj0@arstechnica.com,Male,113.25.80.113
686,Candis,Moreside,cmoresidej1@nymag.com,Female,59.83.6.47
687,Hillary,Hartfleet,hhartfleetj2@virginia.edu,Male,238.21.146.215
688,Meir,Busfield,mbusfieldj3@sfgate.com,Male,73.253.52.173
689,Mohandas,Sisse,msissej4@epa.gov,Male,127.158.105.147
690,Nari,Clemot,nclemotj5@chicagotribune.com,Female,4.76.206.67
691,Edgardo,Blucher,eblucherj6@spiegel.de,Male,235.105.237.216
692,Renaldo,Field,rfieldj7@earthlink.net,Male,173.70.117.10
693,Lilli,Palombi,lpalombij8@flavors.me,Female,78.55.20.176
694,Betsy,Maven,bmavenj9@joomla.org,Female,81.217.72.180
695,Freddie,Boxer,fboxerja@tinypic.com,Male,58.179.248.64
696,Bellanca,Filson,bfilsonjb@eepurl.com,Female,125.137.29.25
697,Jamaal,Vedyashkin,jvedyashkinjc@reverbnation.com,Male,220.247.137.128
698,Hobart,Yearnes,hyearnesjd@ebay.com,Male,175.184.245.155
699,Rozanne,Giorgielli,rgiorgiellije@vimeo.com,Female,172.176.187.211
700,Ashla,Hub,ahubjf@bing.com,Female,234.46.48.182
701,Pat,Grinval,pgrinvaljg@bloomberg.com,Female,100.181.128.60
702,Lazaro,Ingrem,lingremjh@gnu.org,Male,200.138.241.76
703,Hendrick,Tennewell,htennewellji@springer.com,Male,129.210.53.82
704,Blake,Cowap,bcowapjj@theguardian.com,Female,188.228.240.139
705,Cari,Faber,cfaberjk@list-manage.com,Female,117.250.161.249
706,Henryetta,O'Kinedy,hokinedyjl@webnode.com,Female,29.30.169.38
707,Ennis,Townby,etownbyjm@oakley.com,Male,54.247.252.240
708,Alyda,Unstead,aunsteadjn@github.com,Female,153.192.160.168
709,Nobie,Muckloe,nmuckloejo@toplist.cz,Male,162.6.103.100
710,Emmeline,Scaplehorn,escaplehornjp@reverbnation.com,Female,152.57.159.106
711,Jess,Zouch,jzouchjq@squarespace.com,Female,145.175.3.154
712,Janessa,Milton-White,jmiltonwhitejr@twitpic.com,Female,161.7.226.58
713,Claudio,Manclark,cmanclarkjs@ameblo.jp,Male,150.247.247.226
714,Archy,Tizard,atizardjt@rakuten.co.jp,Male,98.50.27.47
715,Camellia,Cockin,ccockinju@hud.gov,Female,159.244.80.81
716,Weidar,Boschmann,wboschmannjv@dot.gov,Male,69.130.111.183
717,Sayers,Ibbitt,sibbittjw@typepad.com,Male,54.235.186.50
718,Jacinthe,Exrol,jexroljx@ft.com,Female,250.176.111.44
719,Chandra,Philippard,cphilippardjy@wired.com,Female,99.251.43.37
720,Dillon,Pothecary,dpothecaryjz@technorati.com,Male,21.113.153.224
721,Amelie,Lottrington,alottringtonk0@arizona.edu,Female,194.172.125.204
722,Obidiah,Frangione,ofrangionek1@sun.com,Male,242.99.241.7
723,Bryant,Fishby,bfishbyk2@eepurl.com,Male,209.204.249.110
724,D'arcy,Scolland,dscollandk3@gmpg.org,Male,110.92.41.146
725,Burr,McIlvaney,bmcilvaneyk4@un.org,Male,245.135.254.71
726,Elvis,Bound,eboundk5@is.gd,Male,128.98.39.206
727,Joella,Decort,jdecortk6@hubpages.com,Female,156.10.60.34
728,Audrie,Raymond,araymondk7@drupal.org,Female,109.60.254.99
729,Barde,Andrusov,bandrusovk8@census.gov,Male,59.173.139.37
730,Bram,Yegoshin,byegoshink9@woothemes.com,Male,159.22.207.247
731,Gabey,Deporte,gdeporteka@washington.edu,Female,75.39.153.141
732,Timofei,Pelfer,tpelferkb@multiply.com,Male,80.173.66.179
733,Brandy,Binch,bbinchkc@nasa.gov,Female,67.161.181.85
734,Cosimo,Fray,cfraykd@chronoengine.com,Male,109.183.84.143
735,Delilah,Coltman,dcoltmanke@godaddy.com,Female,245.34.172.99
736,Ardyth,O'Cooney,aocooneykf@aol.com,Female,237.162.179.196
737,Candra,Pawfoot,cpawfootkg@list-manage.com,Female,222.143.79.37
738,Nellie,Ollin,nollinkh@reddit.com,Female,228.213.34.237
739,Thatch,Thrower,tthrowerki@topsy.com,Male,161.177.158.135
740,Caren,Bwy,cbwykj@economist.com,Female,238.74.237.241
741,Sandy,Meffen,smeffenkk@123-reg.co.uk,Male,194.222.105.198
742,Lib,Manginot,lmanginotkl@wufoo.com,Female,150.129.239.129
743,Kasper,Kingzet,kkingzetkm@blogspot.com,Male,164.74.187.121
744,Garv,Gajownik,ggajownikkn@imageshack.us,Male,215.185.125.76
745,Josiah,Krzysztof,jkrzysztofko@squidoo.com,Male,55.244.24.93
746,Natasha,Tothe,ntothekp@npr.org,Female,217.229.217.193
747,Tye,Callcott,tcallcottkq@ucoz.ru,Male,174.178.182.14
748,Jerrold,Boar,jboarkr@aol.com,Male,27.47.57.218
749,Holmes,Weakley,hweakleyks@ftc.gov,Male,247.59.97.152
750,Ilka,Langham,ilanghamkt@redcross.org,Female,184.191.189.107
751,Cortney,McHugh,cmchughku@noaa.gov,Female,114.129.30.117
752,Bradford,Budden,bbuddenkv@nydailynews.com,Male,29.249.172.66
753,Jock,Oliphard,joliphardkw@infoseek.co.jp,Male,101.84.177.202
754,Tonye,Ewebank,tewebankkx@bloglines.com,Female,177.145.88.103
755,Jania,Charlot,jcharlotky@icq.com,Female,100.107.89.23
756,Putnam,Robertis,probertiskz@xing.com,Male,234.106.68.51
757,Lewie,Ahmad,lahmadl0@etsy.com,Male,0.53.13.109
758,Maud,Trevains,mtrevainsl1@dell.com,Female,215.171.125.147
759,Sasha,Thornber,sthornberl2@usatoday.com,Male,14.63.138.35
760,Rosetta,McKain,rmckainl3@whitehouse.gov,Female,181.247.82.155
761,Faun,Bickerstaffe,fbickerstaffel4@baidu.com,Female,26.205.200.241
762,Jobey,McGoon,jmcgoonl5@wiley.com,Female,105.222.184.109
763,Carson,Handes,chandesl6@telegraph.co.uk,Male,158.172.148.215
764,Giacopo,O'Hartnett,gohartnettl7@ted.com,Male,230.76.84.15
765,Wildon,Hitschke,whitschkel8@goo.gl,Male,21.164.144.70
766,Bald,Robbeke,brobbekel9@columbia.edu,Male,50.68.33.44
767,Anderea,Rosindill,arosindillla@hatena.ne.jp,Female,162.181.207.216
768,Merrick,Behnen,mbehnenlb@yandex.ru,Male,115.2.53.215
769,Innis,Luker,ilukerlc@cornell.edu,Male,245.71.116.155
770,Claudie,Purcer,cpurcerld@example.com,Female,47.133.173.184
771,Brewer,Shatliffe,bshatliffele@wix.com,Male,3.161.86.31
772,Ree,Debold,rdeboldlf@ca.gov,Female,212.112.67.215
773,Layton,Munro,lmunrolg@statcounter.com,Male,90.241.80.97
774,Kaylyn,Dziwisz,kdziwiszlh@trellian.com,Female,127.134.79.109
775,Angelika,Garmston,agarmstonli@yahoo.co.jp,Female,140.57.86.199
776,Erasmus,Hendron,ehendronlj@odnoklassniki.ru,Male,113.229.9.39
777,Shannon,Dimnage,sdimnagelk@unc.edu,Male,58.202.14.254
778,Cariotta,Kenrat,ckenratll@dedecms.com,Female,251.208.121.168
779,Elonore,Camilli,ecamillilm@simplemachines.org,Female,230.72.71.191
780,Xever,Gange,xgangeln@creativecommons.org,Male,201.228.216.64
781,Dora,Mosdall,dmosdalllo@livejournal.com,Female,224.80.87.20
782,Eldridge,Saby,esabylp@howstuffworks.com,Male,49.90.170.100
783,Urbain,Scarce,uscarcelq@goo.ne.jp,Male,121.213.246.53
784,Ignacio,Beevis,ibeevislr@tamu.edu,Male,86.201.109.105
785,Tricia,Lade,tladels@lulu.com,Female,47.106.230.1
786,Roze,Daughtery,rdaughterylt@dagondesign.com,Female,51.35.55.66
787,Gerick,Dilon,gdilonlu@army.mil,Male,122.19.126.114
788,Philip,Feather,pfeatherlv@latimes.com,Male,31.104.75.233
789,Goddart,Dunbobbin,gdunbobbinlw@dailymail.co.uk,Male,229.6.117.10
790,Burton,Wheelan,bwheelanlx@arizona.edu,Male,231.242.62.135
791,Cirstoforo,Town,ctownly@fastcompany.com,Male,141.240.178.227
792,Nate,Bridgnell,nbridgnelllz@histats.com,Male,87.233.34.5
793,Dona,Headrick,dheadrickm0@last.fm,Female,93.84.121.93
794,Johna,L'Episcopi,jlepiscopim1@jugem.jp,Female,254.248.250.136
795,Georgeta,Dalston,gdalstonm2@google.co.uk,Female,101.160.233.73
796,Katha,Kerridge,kkerridgem3@gravatar.com,Female,177.123.216.198
797,Yalonda,Kingsland,ykingslandm4@sciencedirect.com,Female,128.222.199.151
798,Sydel,Ellaman,sellamanm5@fotki.com,Female,123.24.167.28
799,Erinn,Durnill,edurnillm6@indiegogo.com,Female,151.123.193.188
800,Diandra,MacMychem,dmacmychemm7@nps.gov,Female,87.141.156.60
801,Omar,Nash,onashm8@merriam-webster.com,Male,139.212.24.116
802,Jamesy,Castan,jcastanm9@vinaora.com,Male,31.126.159.117
803,Barny,Garaway,bgarawayma@salon.com,Male,170.91.255.132
804,Penelopa,Latty,plattymb@engadget.com,Female,228.245.209.157
805,Karry,Ralston,kralstonmc@g.co,Female,229.37.46.155
806,Wilow,Klimkovich,wklimkovichmd@loc.gov,Female,43.168.184.32
807,Reagen,Eskrick,reskrickme@rambler.ru,Male,85.35.188.226
808,Ardis,Gaze,agazemf@omniture.com,Female,68.196.59.5
809,Arni,Neil,aneilmg@nsw.gov.au,Male,199.208.192.215
810,Maddie,Orgill,morgillmh@wp.com,Male,246.232.8.18
811,Koo,Barkshire,kbarkshiremi@a8.net,Female,57.216.138.71
812,Vivie,Renneke,vrennekemj@naver.com,Female,246.123.210.187
813,Galvin,Holliar,gholliarmk@sun.com,Male,47.10.219.151
814,Giulia,Hyndman,ghyndmanml@free.fr,Female,120.154.40.65
815,Rayner,Giacobazzi,rgiacobazzimm@gizmodo.com,Male,72.199.229.21
816,Whitman,Meneur,wmeneurmn@unesco.org,Male,48.52.11.208
817,Ferne,Quarrington,fquarringtonmo@aol.com,Female,68.248.153.246
818,Brodie,Shadfourth,bshadfourthmp@oakley.com,Male,179.232.2.44
819,Charisse,Bark,cbarkmq@wufoo.com,Female,75.8.38.29
820,Vere,Hanbury-Brown,vhanburybrownmr@tinypic.com,Female,216.62.164.49
821,Tine,Lassell,tlassellms@sbwire.com,Female,176.25.145.227
822,Dalenna,Ziems,dziemsmt@linkedin.com,Female,211.210.76.86
823,Salomone,Ruddock,sruddockmu@tumblr.com,Male,103.105.62.15
824,Emmet,Eccleston,eecclestonmv@bigcartel.com,Male,7.53.70.52
825,Anette,Luc,alucmw@topsy.com,Female,182.68.113.31
826,Regine,Boden,rbodenmx@youtube.com,Female,206.253.99.34
827,Nehemiah,Rheaume,nrheaumemy@msn.com,Male,239.0.117.239
828,Duffy,Ethelstone,dethelstonemz@accuweather.com,Male,48.178.69.8
829,Erich,Manvelle,emanvellen0@dot.gov,Male,67.118.18.0
830,Saleem,Mayo,smayon1@ask.com,Male,78.148.232.1
831,Kenyon,Sheather,ksheathern2@printfriendly.com,Male,250.154.131.39
832,Rafael,Orpin,rorpinn3@webs.com,Male,209.249.114.142
833,Barbie,Wiper,bwipern4@domainmarket.com,Female,217.67.113.130
834,Fallon,Local,flocaln5@ustream.tv,Female,101.128.60.113
835,Homerus,Coonan,hcoonann6@rambler.ru,Male,194.247.69.232
836,Harlie,Eburne,heburnen7@hp.com,Female,183.173.125.49
837,Joshua,Vanyushin,jvanyushinn8@purevolume.com,Male,42.5.217.12
838,Janeva,Meert,jmeertn9@umich.edu,Female,195.224.5.238
839,Emelda,Luquet,eluquetna@salon.com,Female,94.85.87.52
840,Porty,Brewerton,pbrewertonnb@house.gov,Male,179.225.70.251
841,Hershel,Smalcombe,hsmalcombenc@issuu.com,Male,162.124.219.248
842,Malia,Manna,mmannand@eventbrite.com,Female,99.125.28.54
843,Tod,Uvedale,tuvedalene@hexun.com,Male,151.3.42.86
844,Dana,Cawtheray,dcawtheraynf@arstechnica.com,Female,121.54.83.56
845,Coop,Jorioz,cjoriozng@ucsd.edu,Male,51.148.233.207
846,Felipe,Middlehurst,fmiddlehurstnh@pinterest.com,Male,128.163.68.12
847,Amory,Knevett,aknevettni@lulu.com,Male,160.108.154.2
848,Chrissie,Ranscome,cranscomenj@yahoo.com,Male,161.107.251.43
849,Gerri,Fullman,gfullmannk@fc2.com,Female,65.214.111.217
850,Arvie,Leathley,aleathleynl@ucoz.com,Male,187.191.150.226
851,Darill,Crallan,dcrallannm@ebay.co.uk,Male,95.244.169.1
852,Jamal,Cristofolini,jcristofolininn@samsung.com,Male,8.60.134.98
853,Gabrila,Minguet,gminguetno@si.edu,Female,144.208.186.176
854,Laurens,Dudleston,ldudlestonnp@cdc.gov,Male,2.1.28.12
855,Mathian,Fraulo,mfraulonq@eventbrite.com,Male,0.2.134.184
856,Chalmers,Tucknott,ctucknottnr@java.com,Male,37.242.192.118
857,Olimpia,Iacopo,oiacopons@booking.com,Female,14.119.157.80
858,Wilek,Extence,wextencent@cargocollective.com,Male,224.61.37.146
859,Bertine,Millberg,bmillbergnu@nasa.gov,Female,46.105.7.154
860,Monte,Atter,matternv@shinystat.com,Male,39.228.108.21
861,Oliviero,Wilderspoon,owilderspoonnw@meetup.com,Male,37.120.110.37
862,Konstanze,Webb-Bowen,kwebbbowennx@t.co,Female,168.89.235.119
863,Sorcha,Astle,sastleny@about.com,Female,36.182.32.200
864,Horatio,Foukx,hfoukxnz@alibaba.com,Male,126.151.97.41
865,Muffin,Pyott,mpyotto0@parallels.com,Male,161.225.184.116
866,Vaclav,Feaster,vfeastero1@sourceforge.net,Male,131.30.24.221
867,Lisette,Rubert,lruberto2@icq.com,Female,80.210.129.16
868,Paulo,Staley,pstaleyo3@guardian.co.uk,Male,14.25.87.76
869,Toiboid,Marsy,tmarsyo4@51.la,Male,129.239.137.182
870,Ingmar,Le Batteur,ilebatteuro5@mediafire.com,Male,89.162.141.93
871,Laurena,Cardall,lcardallo6@cargocollective.com,Female,67.222.25.84
872,Rodi,Walworth,rwalwortho7@wsj.com,Female,117.108.39.190
873,Brande,Gumb,bgumbo8@soup.io,Female,6.9.130.210
874,Trina,Schult,tschulto9@chicagotribune.com,Female,240.98.115.4
875,Lawry,Mattacks,lmattacksoa@over-blog.com,Male,39.55.204.64
876,Selma,Jorez,sjorezob@sphinn.com,Female,220.49.192.99
877,Josias,Kasting,jkastingoc@mozilla.org,Male,55.99.29.124
878,Marji,Patrickson,mpatricksonod@fda.gov,Female,164.208.5.89
879,Shawn,Pahler,spahleroe@aol.com,Female,37.231.235.227
880,Ganny,Hartzenberg,ghartzenbergof@theglobeandmail.com,Male,76.164.210.243
881,Dunstan,Devlin,ddevlinog@indiegogo.com,Male,217.143.218.56
882,Nikoletta,Sijmons,nsijmonsoh@addthis.com,Female,228.60.84.88
883,Billie,Nansom,bnansomoi@posterous.com,Male,240.105.125.172
884,Enrique,Ericsson,eericssonoj@dot.gov,Male,42.125.126.163
885,Godfree,Jeandon,gjeandonok@twitpic.com,Male,70.5.92.53
886,Sharia,Burborough,sburboroughol@apple.com,Female,12.84.60.170
887,Ignaz,Kuban,ikubanom@wunderground.com,Male,48.205.223.103
888,Christiane,Hanvey,chanveyon@discovery.com,Female,30.235.99.109
889,Rikki,Stubbert,rstubbertoo@ibm.com,Female,199.66.254.99
890,Reggi,Beckenham,rbeckenhamop@woothemes.com,Female,205.205.4.206
891,Ronnie,Grayley,rgrayleyoq@sohu.com,Male,151.108.218.28
892,Ethan,Naismith,enaismithor@github.io,Male,97.106.249.147
893,Gertruda,Binden,gbindenos@icq.com,Female,222.219.103.253
894,Daven,Dowglass,ddowglassot@craigslist.org,Male,108.8.167.20
895,Darelle,Nash,dnashou@github.com,Female,190.63.214.140
896,Menard,Fairs,mfairsov@archive.org,Male,138.4.251.85
897,Ransell,Pavlovsky,rpavlovskyow@cnn.com,Male,228.254.209.190
898,Lynn,Malmar,lmalmarox@elpais.com,Male,25.252.247.155
899,Shari,Cannam,scannamoy@fema.gov,Female,185.4.231.63
900,Minna,Stouther,mstoutheroz@cam.ac.uk,Female,20.26.131.80
901,Gallard,Boulsher,gboulsherp0@blinklist.com,Male,165.205.144.24
902,Kermie,Gullefant,kgullefantp1@yahoo.com,Male,234.121.240.84
903,Forrest,Acaster,facasterp2@google.es,Male,245.72.217.178
904,Dex,Twelftree,dtwelftreep3@nba.com,Male,1.114.132.251
905,Alphonse,Winslow,awinslowp4@baidu.com,Male,144.46.248.41
906,Lucy,Sorbey,lsorbeyp5@businessinsider.com,Female,18.48.18.69
907,Juan,McCourtie,jmccourtiep6@weather.com,Male,39.35.53.93
908,Victor,Rigolle,vrigollep7@biblegateway.com,Male,198.188.237.41
909,Lovell,Fellgate,lfellgatep8@umich.edu,Male,60.71.212.186
910,Riley,Oldaker,roldakerp9@marriott.com,Male,153.145.77.237
911,Roxanne,Brogioni,rbrogionipa@arstechnica.com,Female,19.58.57.55
912,Winne,Garvey,wgarveypb@twitter.com,Female,216.5.35.218
913,Briant,Brunsdon,bbrunsdonpc@hc360.com,Male,226.211.230.252
914,Chanda,Gatty,cgattypd@stanford.edu,Female,208.203.58.234
915,Tamera,Nudd,tnuddpe@un.org,Female,190.193.120.148
916,Aileen,Vevers,aveverspf@opera.com,Female,18.0.99.216
917,Amby,Farrell,afarrellpg@oaic.gov.au,Male,151.95.161.236
918,Benedicta,MacManus,bmacmanusph@etsy.com,Female,102.46.102.82
919,Ingelbert,Fossitt,ifossittpi@nasa.gov,Male,247.155.116.128
920,Selene,Castagneto,scastagnetopj@issuu.com,Female,49.145.194.169
921,Barney,Trowle,btrowlepk@bloomberg.com,Male,193.1.1.168
922,Darla,Crouch,dcrouchpl@nytimes.com,Female,110.255.219.33
923,Eleen,Hammerberger,ehammerbergerpm@sourceforge.net,Female,212.35.44.161
924,Alfonso,Simister,asimisterpn@cnbc.com,Male,177.249.11.131
925,Lowell,Coonihan,lcoonihanpo@ovh.net,Male,197.150.189.41
926,Yvonne,MacGruer,ymacgruerpp@geocities.com,Female,12.194.122.146
927,Elnore,Gadaud,egadaudpq@latimes.com,Female,188.20.210.135
928,Doro,Spaven,dspavenpr@digg.com,Female,192.112.24.183
929,Michel,Ballaam,mballaamps@pagesperso-orange.fr,Female,113.200.188.164
930,Gerti,Annets,gannetspt@census.gov,Female,2.178.162.197
931,Hobart,Julyan,hjulyanpu@reference.com,Male,48.39.2.21
932,Rosana,Gasnoll,rgasnollpv@bandcamp.com,Female,127.76.202.36
933,Wes,Dudenie,wdudeniepw@yandex.ru,Male,242.226.217.65
934,Vinny,Sambeck,vsambeckpx@blogs.com,Male,128.106.95.2
935,Venus,Skarin,vskarinpy@netscape.com,Female,146.158.220.40
936,Alessandro,Mattersley,amattersleypz@google.ca,Male,90.40.65.134
937,Binny,Worlock,bworlockq0@cloudflare.com,Female,193.190.112.168
938,Gert,Marguerite,gmargueriteq1@booking.com,Female,86.6.151.122
939,Christopher,Dowd,cdowdq2@sohu.com,Male,43.212.198.74
940,Dawn,Cane,dcaneq3@princeton.edu,Female,203.25.176.246
941,Claretta,Yaneev,cyaneevq4@addthis.com,Female,117.129.21.244
942,Babbie,Franek,bfranekq5@infoseek.co.jp,Female,44.50.45.220
943,Zorina,Lowin,zlowinq6@hugedomains.com,Female,218.170.34.215
944,Ibby,Summerfield,isummerfieldq7@wiley.com,Female,95.217.17.220
945,Vincent,Rignall,vrignallq8@reddit.com,Male,73.203.57.118
946,Den,Brownsea,dbrownseaq9@omniture.com,Male,44.234.137.218
947,Emmey,Wetherby,ewetherbyqa@360.cn,Female,170.230.38.226
948,Janna,Browse,jbrowseqb@google.com.au,Female,87.14.143.80
949,Lutero,Ivashnikov,livashnikovqc@engadget.com,Male,138.172.64.172
950,Hobie,Kerby,hkerbyqd@ameblo.jp,Male,216.248.33.203
951,Dotty,Ayliff,dayliffqe@cornell.edu,Female,97.180.40.173
952,Berthe,Diboll,bdibollqf@nyu.edu,Female,61.133.254.205
953,Shayne,Gristock,sgristockqg@cpanel.net,Female,107.96.131.23
954,Hilario,Deuss,hdeussqh@psu.edu,Male,123.202.62.65
955,Price,Mc Dermid,pmcdermidqi@upenn.edu,Male,34.135.131.212
956,Rubetta,Mersey,rmerseyqj@arizona.edu,Female,84.194.171.198
957,Tuckie,Somerton,tsomertonqk@alibaba.com,Male,126.82.182.222
958,Saul,Anfusso,sanfussoql@theglobeandmail.com,Male,156.161.221.218
959,Gamaliel,Giller,ggillerqm@unblog.fr,Male,114.167.64.238
960,Corette,Frossell,cfrossellqn@ezinearticles.com,Female,138.248.185.72
961,Jan,Docwra,jdocwraqo@miibeian.gov.cn,Male,7.191.90.139
962,Dianna,Laity,dlaityqp@clickbank.net,Female,9.166.49.222
963,Haven,Tothe,htotheqq@umich.edu,Male,37.152.155.168
964,Lacey,Standish-Brooks,lstandishbrooksqr@a8.net,Female,116.71.115.111
965,Anallese,Manon,amanonqs@sfgate.com,Female,225.219.197.146
966,Mick,Aleixo,maleixoqt@about.me,Male,140.66.15.55
967,Theobald,MacGill,tmacgillqu@1688.com,Male,25.78.255.66
968,Jeffrey,Pepperd,jpepperdqv@zimbio.com,Male,138.219.60.178
969,Adair,Rushton,arushtonqw@pen.io,Male,71.90.78.220
970,Sergei,Shew,sshewqx@illinois.edu,Male,212.83.194.241
971,Paulie,Pierton,ppiertonqy@amazon.co.jp,Male,199.50.233.60
972,Fifine,Iacovino,fiacovinoqz@harvard.edu,Female,215.205.82.52
973,Hy,Atthow,hatthowr0@ning.com,Male,34.114.219.73
974,Berton,Pipes,bpipesr1@timesonline.co.uk,Male,65.225.209.46
975,Aprilette,Glewe,aglewer2@ehow.com,Female,0.117.127.138
976,Leonore,Ambler,lamblerr3@latimes.com,Female,20.235.196.23
977,Clarine,Leander,cleanderr4@mac.com,Female,200.210.151.83
978,Nana,Naisey,nnaiseyr5@devhub.com,Female,183.119.230.127
979,Gabriello,Wickendon,gwickendonr6@house.gov,Male,75.255.222.141
980,Francine,Ciccone,fcicconer7@jugem.jp,Female,32.153.247.39
981,Jonis,Look,jlookr8@live.com,Female,222.228.160.90
982,Lemuel,Adamiak,ladamiakr9@craigslist.org,Male,121.206.22.130
983,Damien,Dubs,ddubsra@senate.gov,Male,75.162.162.72
984,Iormina,Slyne,islynerb@uiuc.edu,Female,85.242.221.197
985,Zoe,Cana,zcanarc@indiegogo.com,Female,123.195.185.209
986,Sonja,Kiendl,skiendlrd@desdev.cn,Female,214.14.77.92
987,Zebulon,Gidney,zgidneyre@is.gd,Male,216.254.8.123
988,Mohandas,Groundwator,mgroundwatorrf@gizmodo.com,Male,94.135.152.252
989,Carmine,Cluitt,ccluittrg@icio.us,Female,137.148.97.220
990,Maegan,Andree,mandreerh@meetup.com,Female,202.89.250.112
991,Barry,Frain,bfrainri@gmpg.org,Female,52.76.35.203
992,Daniella,Hewson,dhewsonrj@comcast.net,Female,13.96.165.182
993,Almeria,Sirkett,asirkettrk@i2i.jp,Female,21.141.147.98
994,Arlana,MacNockater,amacnockaterrl@dailymotion.com,Female,11.216.68.203
995,Nanete,Blackster,nblacksterrm@plala.or.jp,Female,59.183.114.111
996,Cam,Ivashin,civashinrn@opensource.org,Female,65.102.132.27
997,Archy,McCarlich,amccarlichro@360.cn,Male,233.149.226.88
998,Dina,Benstead,dbensteadrp@google.co.uk,Female,115.144.217.249
999,Nicolina,Byrde,nbyrderq@psu.edu,Female,0.101.26.0
1000,Walden,Stapford,wstapfordrr@hexun.com,Male,186.191.175.12
